{"cameraMode":{"drawMode":0,"name":"Shaded","section":"Shading Mode"},"sceneLighting":false,"audioPlay":false,"sceneViewState":{"showFog":true,"showMaterialUpdate":false,"showSkybox":true,"showFlares":true,"showImageEffects":true,"showParticleSystems":true},"in2DMode":false,"pivot":{"x":-3.6963114738464357,"y":-5.145345687866211,"z":-8.898415565490723},"rotation":{"x":-0.010148203000426293,"y":0.9581149816513062,"z":-0.28415125608444216,"w":-0.03421836718916893},"size":6.293015003204346,"orthographic":false}